day,threshold,low_carbon_count,low_carbon_pct
1,132.175,24,25.0
2,127.44999999999999,24,25.0
3,131.055,24,25.0
4,70.025,24,25.0
5,118.625,23,23.96
6,79.11,24,25.0
7,115.6375,25,26.04
8,126.0825,24,25.0
9,80.12,24,25.0
10,64.92750000000001,24,25.0
11,53.225,23,23.96
12,89.685,25,26.04
13,117.48750000000001,23,23.96
14,83.905,24,25.0
15,63.004999999999995,25,26.04
16,112.0325,24,25.0
17,119.8875,24,25.0
18,81.3475,24,25.0
19,54.985,24,25.0
20,71.535,24,25.0
21,54.4725,24,25.0
22,58.95,24,25.0
23,101.5325,24,25.0
24,113.8475,24,25.0
25,121.7525,24,25.0
26,108.985,24,25.0
27,57.324999999999996,24,25.0
28,65.955,24,25.0
29,114.5175,24,25.0
30,92.3825,24,25.0
31,95.70750000000001,23,23.96
32,76.69749999999999,24,25.0
33,107.67750000000001,23,23.96
34,82.69999999999999,24,25.0
35,95.02000000000001,24,25.0
36,81.355,25,26.04
37,94.16,24,25.0
38,86.175,24,25.0
39,105.135,24,25.0
40,71.1325,24,25.0
41,76.93,24,25.0
42,57.572500000000005,24,25.0
43,59.0525,24,25.0
44,55.2425,24,25.0
45,64.1675,24,25.0
46,67.675,24,25.0
47,52.447500000000005,24,25.0
48,49.4325,23,23.96
49,59.21,20,20.83
50,98.355,24,25.0
51,73.53999999999999,25,26.04
52,78.1325,23,23.96
53,87.98,24,25.0
54,79.1175,24,25.0
55,89.795,24,25.0
56,81.91,24,25.0
57,99.515,24,25.0
58,123.16749999999999,24,25.0
59,59.09,24,25.0
60,128.505,23,23.96
61,79.88499999999999,24,25.0
62,95.10499999999999,24,25.0
63,87.28999999999999,24,25.0
64,114.27,24,25.0
65,83.405,24,25.0
66,75.8125,24,25.0
67,82.135,24,25.0
68,77.48,24,25.0
69,84.755,23,23.96
70,82.945,24,25.0
71,118.5875,23,23.96
72,85.4625,24,25.0
73,66.1875,23,23.96
74,53.817499999999995,21,21.88
75,50.18,25,26.04
76,109.7175,23,23.96
77,61.9725,24,25.0
78,112.0775,24,25.0
79,94.4,24,25.0
80,103.3075,24,25.0
81,84.0425,24,25.0
82,64.52250000000001,25,26.04
83,83.855,25,26.04
84,86.10749999999999,24,25.0
85,63.3,24,25.0
86,74.6925,24,25.0
87,63.425000000000004,24,25.0
88,57.655,23,23.96
89,51.1325,22,22.92
90,82.7025,24,25.0
91,100.6825,24,25.0
92,59.455,24,25.0
93,115.53750000000001,24,25.0
94,131.95499999999998,24,25.0
95,99.32,25,26.04
96,101.955,24,25.0
97,50.0225,23,23.96
98,74.0975,24,25.0
99,59.324999999999996,24,25.0
100,60.9375,24,25.0
101,70.36500000000001,24,25.0
102,103.405,24,25.0
103,83.5175,24,25.0
104,64.635,24,25.0
105,68.4525,24,25.0
106,74.85000000000001,23,23.96
107,72.32249999999999,24,25.0
108,85.995,24,25.0
109,88.0625,24,25.0
110,76.89750000000001,25,26.04
111,51.542500000000004,23,23.96
112,108.35,23,23.96
113,60.7775,25,26.04
114,98.35249999999999,25,26.04
115,68.785,24,25.0
116,47.3375,23,23.96
117,55.144999999999996,25,26.04
118,67.7625,25,26.04
119,108.97,23,23.96
120,90.9925,24,25.0
121,75.6075,24,25.0
122,70.6225,24,25.0
123,81.8475,23,23.96
124,78.2175,26,27.08
125,76.2225,24,25.0
126,68.9125,24,25.0
127,71.41499999999999,23,23.96
128,83.1525,24,25.0
129,62.1275,25,26.04
130,75.52000000000001,24,25.0
131,72.77250000000001,24,25.0
132,103.2675,24,25.0
133,76.4975,23,23.96
134,62.96,24,25.0
135,70.6675,24,25.0
136,50.9925,23,23.96
137,57.7625,25,26.04
138,85.3175,23,23.96
139,70.00999999999999,24,25.0
140,92.2925,24,25.0
141,98.6525,24,25.0
142,59.68,24,25.0
143,47.47,21,21.88
144,95.235,24,25.0
145,69.43,24,25.0
146,69.8775,24,25.0
147,73.8725,23,23.96
148,86.8075,24,25.0
149,92.1,24,25.0
150,73.955,25,26.04
151,59.082499999999996,23,23.96
152,54.51,23,23.96
153,70.64750000000001,26,27.08
154,61.6175,23,23.96
155,66.9975,23,23.96
156,80.51,24,25.0
157,98.82000000000001,24,25.0
158,102.23,24,25.0
159,79.6025,24,25.0
160,66.85499999999999,24,25.0
161,63.32,24,25.0
162,74.745,24,25.0
163,89.39,24,25.0
164,90.8275,24,25.0
165,67.80499999999999,24,25.0
166,49.58,24,25.0
167,70.0125,25,26.04
168,89.1825,24,25.0
169,76.77250000000001,24,25.0
170,64.2775,25,26.04
171,72.825,24,25.0
172,61.4675,25,26.04
173,110.7475,24,25.0
174,69.7475,25,26.04
175,106.22999999999999,23,23.96
176,103.3775,24,25.0
177,79.58250000000001,23,23.96
178,85.74000000000001,24,25.0
179,52.9,24,25.0
180,68.16,24,25.0
181,67.6225,23,23.96
182,69.8425,23,23.96
183,44.495000000000005,20,20.83
184,61.379999999999995,26,27.08
185,68.055,24,25.0
186,70.4525,24,25.0
187,70.46,24,25.0
188,65.55,24,25.0
189,67.0875,25,26.04
190,53.27,23,23.96
191,66.1925,24,25.0
192,62.6725,24,25.0
193,102.7375,24,25.0
194,85.4475,23,23.96
195,88.64500000000001,24,25.0
196,66.23,24,25.0
197,73.2525,24,25.0
198,67.91499999999999,24,25.0
199,107.98,24,25.0
200,69.1775,24,25.0
201,68.7025,24,25.0
202,86.535,26,27.08
203,53.2425,23,23.96
204,56.455,25,26.04
205,65.375,24,25.0
206,59.15,23,23.96
207,68.4225,24,25.0
208,55.682500000000005,24,25.0
209,98.7925,24,25.0
210,113.5275,24,25.0
211,83.6675,23,23.96
212,55.495,24,25.0
213,71.1325,25,26.04
214,66.1275,24,25.0
215,80.805,24,25.0
216,111.0075,25,26.04
217,71.7,23,23.96
218,86.9575,24,25.0
219,90.325,24,25.0
220,54.5775,23,23.96
221,69.345,24,25.0
222,90.0175,24,25.0
223,49.05,24,25.0
224,53.08,24,25.0
225,110.9725,24,25.0
226,70.105,24,25.0
227,82.765,23,23.96
228,105.07,24,25.0
229,79.525,23,23.96
230,77.4025,24,25.0
231,65.06,24,25.0
232,59.52,24,25.0
233,72.3925,24,25.0
234,58.775000000000006,24,25.0
235,99.7275,24,25.0
236,86.2575,23,23.96
237,78.05250000000001,24,25.0
238,102.3875,24,25.0
239,44.5075,24,25.0
240,52.17,24,25.0
241,83.39750000000001,24,25.0
242,107.5625,24,25.0
243,61.4625,24,25.0
244,107.8825,24,25.0
245,85.0,24,25.0
246,71.525,23,23.96
247,74.86,23,23.96
248,71.48,24,25.0
249,103.3275,24,25.0
250,86.3475,24,25.0
251,75.0575,24,25.0
252,78.39500000000001,23,23.96
253,71.5625,25,26.04
254,50.4725,24,25.0
255,60.6275,24,25.0
256,73.89,24,25.0
257,50.81,25,26.04
258,69.9375,24,25.0
259,48.015,24,25.0
260,67.34,24,25.0
261,69.60000000000001,24,25.0
262,114.03999999999999,24,25.0
263,82.35249999999999,24,25.0
264,88.35,24,25.0
265,76.1,24,25.0
266,76.82249999999999,24,25.0
267,45.48,23,23.96
268,84.4975,23,23.96
269,57.8975,24,25.0
270,59.675,23,23.96
271,113.22749999999999,24,25.0
272,106.06,23,23.96
273,114.4575,24,25.0
274,125.87,24,25.0
275,56.8575,25,26.04
276,89.06,24,25.0
277,52.33,24,25.0
278,68.14,25,26.04
279,106.8325,24,25.0
280,97.2225,25,26.04
281,93.81,24,25.0
282,68.745,24,25.0
283,49.6725,24,25.0
284,110.835,24,25.0
285,81.8725,24,25.0
286,75.75,24,25.0
287,77.2225,24,25.0
288,91.71249999999999,24,25.0
289,97.4725,24,25.0
290,79.2325,24,25.0
291,77.29,23,23.96
292,69.9975,24,25.0
293,78.22500000000001,24,25.0
294,74.595,25,26.04
295,47.6075,23,23.96
296,91.25999999999999,24,25.0
297,72.46,23,23.96
298,75.1625,25,26.04
299,74.4075,25,26.04
300,83.4325,23,23.96
301,96.665,24,25.0
302,90.76,24,25.0
303,73.8725,24,25.0
304,60.6825,24,25.0
305,72.1075,24,25.0
306,89.265,24,25.0
307,53.2425,23,23.96
308,78.58,24,25.0
309,84.97,25,26.04
310,91.72500000000001,24,25.0
311,117.01,23,23.96
312,94.72,24,25.0
313,98.9525,24,25.0
314,101.76,24,25.0
315,75.8825,24,25.0
316,82.9275,24,25.0
317,87.51,25,26.04
318,110.99249999999999,24,25.0
319,107.735,24,25.0
320,103.705,24,25.0
321,66.785,24,25.0
322,99.48,24,25.0
323,59.7825,24,25.0
324,96.6725,23,23.96
325,77.91,24,25.0
326,72.795,24,25.0
327,56.620000000000005,25,26.04
328,85.98,23,23.96
329,77.815,24,25.0
330,130.43,25,26.04
331,120.8075,24,25.0
332,83.6,24,25.0
333,78.66,24,25.0
334,104.82249999999999,24,25.0
335,105.855,23,23.96
336,81.52,24,25.0
337,83.44,24,25.0
338,109.1275,24,25.0
339,105.4975,24,25.0
340,85.35,22,22.92
341,77.99,25,26.04
342,93.565,24,25.0
343,70.9425,23,23.96
344,87.6625,24,25.0
345,93.03750000000001,25,26.04
346,55.68,21,21.88
347,72.92250000000001,25,26.04
348,42.81,23,23.96
349,103.28750000000001,24,25.0
350,75.2775,23,23.96
351,63.91250000000001,23,23.96
352,55.4225,21,21.88
353,65.59,24,25.0
354,61.475,25,26.04
355,116.6225,24,25.0
356,117.2025,24,25.0
357,90.745,24,25.0
358,85.4075,25,26.04
359,104.55,24,25.0
360,80.02250000000001,24,25.0
361,99.8775,24,25.0
362,112.6625,23,23.96
363,52.0625,24,25.0
364,113.1775,24,25.0
365,110.48,23,23.96
